"Avatar Image","Creation Date","Modified Date","Slug","Creator","unique id"
"//s3.amazonaws.com/appforest_uf/f1673228397555x206408270533639420/1.jpg","Jan 9, 2023 12:39 pm","Jan 9, 2023 12:39 pm","","(App admin)","1673228399864x713489874601251200"
"//s3.amazonaws.com/appforest_uf/f1673228408374x424293961102175700/2.jpg","Jan 9, 2023 12:40 pm","Jan 9, 2023 12:40 pm","","(App admin)","1673228410095x321129817872787700"
"//s3.amazonaws.com/appforest_uf/f1673228414986x109130838115977010/3.jpg","Jan 9, 2023 12:40 pm","Jan 9, 2023 12:40 pm","","(App admin)","1673228416914x442027277952323140"
"//s3.amazonaws.com/appforest_uf/f1673228422347x962074225052893300/4.jpg","Jan 9, 2023 12:40 pm","Jan 9, 2023 12:40 pm","","(App admin)","1673228423941x691692771642624300"
"//s3.amazonaws.com/appforest_uf/f1673228437902x490277733394878900/5.jpg","Jan 9, 2023 12:40 pm","Jan 9, 2023 12:40 pm","","(App admin)","1673228439658x286270064857822240"
"//s3.amazonaws.com/appforest_uf/f1673228444454x373013343543562500/6.jpg","Jan 9, 2023 12:40 pm","Jan 9, 2023 12:40 pm","","(App admin)","1673228446398x753918120869718100"
"//s3.amazonaws.com/appforest_uf/f1673228452788x829313037598868200/7.jpg","Jan 9, 2023 12:40 pm","Jan 9, 2023 12:40 pm","","(App admin)","1673228455687x869251304721589900"
"//s3.amazonaws.com/appforest_uf/f1673228461066x688358241722077900/8.jpg","Jan 9, 2023 12:41 pm","Jan 9, 2023 12:41 pm","","(App admin)","1673228463207x139646478945270720"
"//s3.amazonaws.com/appforest_uf/f1673228467955x618043734187915600/9.jpg","Jan 9, 2023 12:41 pm","Jan 9, 2023 12:41 pm","","(App admin)","1673228469663x184519318843621380"
"//s3.amazonaws.com/appforest_uf/f1673228474830x689233568098308600/10.jpg","Jan 9, 2023 12:41 pm","Jan 9, 2023 12:41 pm","","(App admin)","1673228476598x888591991252225600"
"//s3.amazonaws.com/appforest_uf/f1673228482258x744130472167167700/11.jpg","Jan 9, 2023 12:41 pm","Jan 9, 2023 12:41 pm","","(App admin)","1673228484094x349118299860528450"
"//s3.amazonaws.com/appforest_uf/f1673228490707x594940300458984600/12.jpg","Jan 9, 2023 12:41 pm","Jan 9, 2023 12:41 pm","","(App admin)","1673228492798x914553353576884200"
